{
  "TonguePale": 0.949999988079071,
  "TipSideRed": 0.20000000298023224,
  "Spot": 0.5,
  "Ecchymosis": 0.6000000238418579,
  "Crack": 0.4000000059604645,
  "Toothmark": 0.30000001192092896,
  "FurThick": 0.10000000149011612,
  "FurYellow": 0.75
}