{
  "TonguePale": 0.10000000149011612,
  "TipSideRed": 0.44999998807907104,
  "Spot": 0.6499999761581421,
  "Ecchymosis": 0.699999988079071,
  "Crack": 0.10000000149011612,
  "Toothmark": 0.25,
  "FurThick": 0.10000000149011612,
  "FurYellow": 0.30000001192092896
}