{
  "TonguePale": 0.10000000149011612,
  "TipSideRed": 0.25,
  "Spot": 0.800000011920929,
  "Ecchymosis": 0.550000011920929,
  "Crack": 0.30000001192092896,
  "Toothmark": 0.550000011920929,
  "FurThick": 0.10000000149011612,
  "FurYellow": 0.30000001192092896
}