{
  "TonguePale": 0.6000000238418579,
  "TipSideRed": 0.6000000238418579,
  "Spot": 0.4000000059604645,
  "Ecchymosis": 0.949999988079071,
  "Crack": 0.15000000596046448,
  "Toothmark": 0.15000000596046448,
  "FurThick": 0.10000000149011612,
  "FurYellow": 0.8999999761581421
}